<?xml version="1.0" encoding="UTF-8"?><module codename="org.netbeans.api.intent">
    <module_version install_time="1523609011308" last="true" origin="installer" specification_version="1.2.1">
        <file crc="406711867" name="config/Modules/org-netbeans-api-intent.xml"/>
        <file crc="1840382933" name="modules/locale/org-netbeans-api-intent_ja.jar"/>
        <file crc="3945196720" name="modules/locale/org-netbeans-api-intent_pt_BR.jar"/>
        <file crc="1876222652" name="modules/locale/org-netbeans-api-intent_ru.jar"/>
        <file crc="3270977670" name="modules/locale/org-netbeans-api-intent_zh_CN.jar"/>
        <file crc="3400630353" name="modules/org-netbeans-api-intent.jar"/>
    </module_version>
</module>
