<?xml version="1.0" encoding="UTF-8"?><module codename="org.netbeans.api.progress.nb">
    <module_version install_time="1523455436009" last="true" origin="installer" specification_version="1.47.1">
        <file crc="2568902117" name="config/Modules/org-netbeans-api-progress-nb.xml"/>
        <file crc="3997673590" name="modules/locale/org-netbeans-api-progress-nb_ja.jar"/>
        <file crc="405692840" name="modules/locale/org-netbeans-api-progress-nb_pt_BR.jar"/>
        <file crc="40068795" name="modules/locale/org-netbeans-api-progress-nb_ru.jar"/>
        <file crc="2601122834" name="modules/locale/org-netbeans-api-progress-nb_zh_CN.jar"/>
        <file crc="1180807921" name="modules/org-netbeans-api-progress-nb.jar"/>
    </module_version>
</module>
