<?xml version="1.0" encoding="UTF-8"?><module codename="org.netbeans.modules.keyring">
    <module_version install_time="1523455435877" last="true" origin="installer" specification_version="1.24.1">
        <file crc="3581559990" name="config/Modules/org-netbeans-modules-keyring.xml"/>
        <file crc="4239465879" name="modules/locale/org-netbeans-modules-keyring_ja.jar"/>
        <file crc="1755349739" name="modules/locale/org-netbeans-modules-keyring_pt_BR.jar"/>
        <file crc="3779267893" name="modules/locale/org-netbeans-modules-keyring_ru.jar"/>
        <file crc="3451516029" name="modules/locale/org-netbeans-modules-keyring_zh_CN.jar"/>
        <file crc="2264200876" name="modules/org-netbeans-modules-keyring.jar"/>
    </module_version>
</module>
