<?xml version="1.0" encoding="UTF-8"?><module codename="org.netbeans.api.annotations.common/1">
    <module_version install_time="1523317580365" last="true" origin="installer" specification_version="1.27.1">
        <file crc="1285559856" name="config/Modules/org-netbeans-api-annotations-common.xml"/>
        <file crc="3447945186" name="modules/locale/org-netbeans-api-annotations-common_ja.jar"/>
        <file crc="2844483152" name="modules/locale/org-netbeans-api-annotations-common_pt_BR.jar"/>
        <file crc="3902500006" name="modules/locale/org-netbeans-api-annotations-common_ru.jar"/>
        <file crc="1454033771" name="modules/locale/org-netbeans-api-annotations-common_zh_CN.jar"/>
        <file crc="647152511" name="modules/org-netbeans-api-annotations-common.jar"/>
    </module_version>
</module>
