<?xml version="1.0" encoding="UTF-8"?><module codename="netbeanslab1.NetBeansLab1.branding">
    <module_version install_time="1523317580347" last="true" origin="installer" specification_version="1.0.1">
        <file crc="554880640" name="config/Modules/netbeanslab1-NetBeansLab1-branding.xml"/>
        <file crc="2472596494" name="core/locale/core_netbeanslab1.jar"/>
        <file crc="2289680443" name="modules/locale/org-netbeans-core-windows_netbeanslab1.jar"/>
        <file crc="1295150633" name="modules/locale/org-netbeans-core_netbeanslab1.jar"/>
        <file crc="4102556102" name="modules/netbeanslab1-NetBeansLab1-branding.jar"/>
        <file crc="367878205" name="update_tracking/netbeanslab1-NetBeansLab1-branding.xml"/>
    </module_version>
</module>
